<?xml version="1.0" encoding="UTF-8" ?>
<!DOCTYPE mapper PUBLIC "-//mybatis.org//DTD Mapper 3.0//EN"
        "http://mybatis.org/dtd/mybatis-3-mapper.dtd">
<mapper namespace="com.ay.dao.SysUserDao">
    <cache/>
    <resultMap id="userMap" type="com.ay.model.SysUser">
        <id property="id" column="id"/>
        <result property="name" column="name"/>
        <result property="no" column="no"/>
        <result property="position" column="position"/>
        <result property="status" column="status"/>
        <result property="reason" column="reason"/>
    </resultMap>
    <!-- sql代码块 -->
    <sql id="table_column">
        id,
        name,
        no,
        status,
        position,
        reason
    </sql>

    <select id="findAll" resultMap="userMap">
        select
        <include refid="table_column"/>
        from sys_user
        where status != '0';
    </select>

    <select id="findById" resultType="com.ay.model.SysUser">
        select
        <include refid="table_column"/>
        from sys_user
        where id = #{id};
    </select>

    <insert id="save" useGeneratedKeys="true" keyProperty="id"
            parameterType="com.ay.model.SysUser">
        <selectKey keyProperty="id" resultType="int" order="BEFORE">
            select max(id) + 1 as id from sys_user
        </selectKey>
        insert into sys_user(id, name ,no, status, position)
        value (#{id},#{name},#{no},#{status},#{position} )
    </insert>

    <insert id="update" parameterType="com.ay.model.SysUser">
        update sys_user
        <set>
            name = #{user.name},
            no = #{user.no},
            status = #{user.status},
            position = #{user.position},
            reason = #{user.reason}
        </set>
        <where>
            id = #{user.id}
        </where>
    </insert>

    <insert id="updateStatus" parameterType="com.ay.model.SysUser">
        update sys_user
        <set>
            status = #{user.status},
            reason = #{user.reason}
        </set>
        <where>
            id = #{user.id}
        </where>
    </insert>

</mapper>