<?xml version="1.0" encoding="UTF-8"?>
<beans xmlns="http://www.springframework.org/schema/beans"
       xmlns:xsi="http://www.w3.org/2001/XMLSchema-instance"
       xmlns:context="http://www.springframework.org/schema/context"
       xmlns:tx="http://www.springframework.org/schema/tx"
       xsi:schemaLocation="http://www.springframework.org/schema/beans
           http://www.springframework.org/schema/beans/spring-beans-2.5.xsd

           http://www.springframework.org/schema/tx
           http://www.springframework.org/schema/tx/spring-tx.xsd

           http://www.springframework.org/schema/context
           http://www.springframework.org/schema/context/spring-context-2.5.xsd">

    <import resource="spring-redis.xml"/>
    <import resource="spring-jms.xml"/>

    <context:component-scan base-package="com.ay"/>

    <!--1、配置数据库相关参数-->
    <context:property-placeholder location="classpath:jdbc.properties" ignore-unresolvable="true"/>

    <!--2.数据源 druid -->
    <bean id="dataSource" class="com.alibaba.druid.pool.DruidDataSource" init-method="init" destroy-method="close">
        <property name="driverClassName" value="${jdbc.driverClassName}"/>
        <property name="url" value="${jdbc.url}"/>
        <property name="username" value="${jdbc.username}"/>
        <property name="password" value="${jdbc.password}"/>
    </bean>


    <!--3、配置SqlSessionFactory对象-->
    <bean id="sqlSessionFactory" class="org.mybatis.spring.SqlSessionFactoryBean">
        <!--注入数据库连接池-->
        <property name="dataSource" ref="dataSource"/>
        <!--扫描sql配置文件:mapper需要的xml文件-->
        <property name="mapperLocations" value="classpath:mapper/*.xml"/>
        <!-- mybatis配置文件的位置 -->
        <property name="configLocation" value="classpath:mybatis-config.xml"></property>
        <!-- 配置分页插件 -->
        <property name="plugins">
            <array>
                <bean class="com.github.pagehelper.PageInterceptor">
                    <property name="properties">
                        <value>
                            helperDialect=mysql
                            reasonable=true
                        </value>
                    </property>
                </bean>
            </array>
        </property>

    </bean>

    <bean id="sqlSession" class="org.mybatis.spring.SqlSessionTemplate">
        <constructor-arg index="0" ref="sqlSessionFactory"/>
    </bean>

    <!-- 扫描basePackage下所有以@MyBatisDao注解的接口 -->
    <bean id="mapperScannerConfigurer" class="org.mybatis.spring.mapper.MapperScannerConfigurer">
        <property name="sqlSessionFactoryBeanName" value="sqlSessionFactory"/>
        <property name="basePackage" value="com.ay.dao"/>

    </bean>

    <!-- 声明式事务 -->
    <tx:annotation-driven transaction-manager="transactionManager"
                          proxy-target-class="true"/>
    <bean id="transactionManager"
          class="org.springframework.jdbc.datasource.DataSourceTransactionManager">
        <property name="dataSource" ref="dataSource"/>
    </bean>


</beans>