<?xml version="1.0" encoding="UTF-8"?>
<beans xmlns="http://www.springframework.org/schema/beans"
       xmlns:xsi="http://www.w3.org/2001/XMLSchema-instance"
       xmlns:p="http://www.springframework.org/schema/p"
       xmlns:tx="http://www.springframework.org/schema/tx"
       xmlns:context="http://www.springframework.org/schema/context"
       xsi:schemaLocation="
      http://www.springframework.org/schema/beans
      http://www.springframework.org/schema/beans/spring-beans-3.0.xsd
      http://www.springframework.org/schema/tx
      http://www.springframework.org/schema/tx/spring-tx-3.0.xsd
      http://www.springframework.org/schema/context
      http://www.springframework.org/schema/context/spring-context-3.0.xsd">

    <context:property-placeholder location="classpath:*.properties"/>
    <!--设置数据池-->
    <bean id="poolConfig" class="redis.clients.jedis.JedisPoolConfig">
        <property name="maxIdle" value="${redis.maxIdle}"></property>
        <property name="minIdle" value="${redis.minIdle}"></property>
        <property name="maxTotal" value="${redis.maxTotal}"></property>
        <property name="maxWaitMillis" value="${redis.maxWaitMillis}"></property>
        <property name="testOnBorrow" value="${redis.testOnBorrow}"></property>
    </bean>
    <!--链接redis-->
    <bean id="redisConnectionFactory" class="org.springframework.data.redis.connection.jedis.JedisConnectionFactory">
        <property name="hostName" value="${redis.host}"></property>
        <property name="port" value="${redis.port}"></property>
        <property name="password" value="${redis.password}"></property>
        <property name="poolConfig" ref="poolConfig"></property>
    </bean>

    <bean id="redisTemplate" class="org.springframework.data.redis.core.RedisTemplate"
          p:connection-factory-ref="redisConnectionFactory">
    </bean>
</beans>